<?xml version="1.0" encoding="UTF-8"?><rss version="2.0"
	xmlns:content="http://purl.org/rss/1.0/modules/content/"
	xmlns:wfw="http://wellformedweb.org/CommentAPI/"
	xmlns:dc="http://purl.org/dc/elements/1.1/"
	xmlns:atom="http://www.w3.org/2005/Atom"
	xmlns:sy="http://purl.org/rss/1.0/modules/syndication/"
	xmlns:slash="http://purl.org/rss/1.0/modules/slash/"
	>

<channel>
	<title>Karon &#8211; 0ty &#8211; Review Hotels &amp; Grocery from My Experience</title>
	<atom:link href="./index.html" rel="self" type="application/rss+xml" />
	<link>./../../../index.html</link>
	<description></description>
	<lastBuildDate>Thu, 01 Jul 2021 14:42:57 +0000</lastBuildDate>
	<language>en-US</language>
	<sy:updatePeriod>
	hourly	</sy:updatePeriod>
	<sy:updateFrequency>
	1	</sy:updateFrequency>
	<generator>https://wordpress.org/?v=5.7.2</generator>
	<item>
		<title>Ventajas de los hoteles de la playa de Karon para las familias</title>
		<link>./../../../phuket-hotel/ventajas-de-los-hoteles-de-la-playa-de-karon-para-las-familias/index.html</link>
					<comments>./../../../phuket-hotel/ventajas-de-los-hoteles-de-la-playa-de-karon-para-las-familias/index.html#respond</comments>
		
		<dc:creator><![CDATA[pbn21]]></dc:creator>
		<pubDate>Thu, 01 Jul 2021 14:42:57 +0000</pubDate>
				<category><![CDATA[Karon Beach]]></category>
		<category><![CDATA[Phuket Hotel]]></category>
		<category><![CDATA[hotel]]></category>
		<category><![CDATA[Karon]]></category>
		<category><![CDATA[Karon Beach Hotel]]></category>
		<category><![CDATA[Karon Hotel]]></category>
		<category><![CDATA[phuket]]></category>
		<guid isPermaLink="false">./../../../index.html?p=11</guid>

					<description><![CDATA[Cuando planee su escapada de verano, no busque más que la playa de Karon para sus necesidades de hotel familiar. Tailandia es un lugar fabuloso para llevar a su familia a relajarse y disfrutar del tiempo juntos, disfrutando del sol y la arena, así como de una rica experiencia cultural. Habrá algo para todos los &#8230; <a href="./../../../phuket-hotel/ventajas-de-los-hoteles-de-la-playa-de-karon-para-las-familias/index.html" class="more-link">Continue reading <span class="screen-reader-text">Ventajas de los hoteles de la playa de Karon para las familias</span></a>]]></description>
										<content:encoded><![CDATA[<p><iframe loading="lazy" title="YouTube video player" src="https://www.youtube.com/embed/zJtyc_3hLxc" width="560" height="315" frameborder="0" allowfullscreen="allowfullscreen"></iframe></p>
<p>Cuando planee su escapada de verano, no busque más que la playa de Karon para sus necesidades de hotel familiar. Tailandia es un lugar fabuloso para llevar a su familia a relajarse y disfrutar del tiempo juntos, disfrutando del sol y la arena, así como de una rica experiencia cultural. Habrá algo para todos los miembros de la familia, independientemente de si a los niños les gusta saltar en la piscina o chapotear en la playa.</p>
<p><img loading="lazy" class="" src="https://lh3.googleusercontent.com/p/AF1QipOZQ74I7PYCfiuPGrMB94XRoff-z_AGx3iosDND=s0" width="462" height="578" /></p>
<p>Viajar con niños puede ser una buena idea. Su bolsillo también puede tomarse unas vacaciones. Los hoteles familiares de la playa de Karon son muy asequibles y le harán sentir que ha pagado mucho más. Ahorrar en el alojamiento significa tener dinero para la aventura.</p>
<p><img src="https://brizy.b-cdn.net/media/iW=599&amp;iH=536&amp;oX=22&amp;oY=0&amp;cW=555&amp;cH=536/559d889a27ddd5488311ea4eb0fb6481.jpg" /></p>
<p>Hay muchos hoteles a pie de playa. El Woraburi Phuket Resort and spa está a sólo 0,1 millas de la playa y tiene una hermosa piscina. Tu habitación puede tener vistas a la piscina. Imagínese a sus hijos despertando y desayunando en el balcón con vistas al agua antes de un día de construcción de castillos de arena en una playa bañada por el sol. Cuando no esté en el hotel, disfrute de las visitas a la cercana Phuket. Si a su familia le gusta el parque acuático, está de suerte: el parque acuático Splash Jungle de Phuket le proporcionará todo el día de diversión a pocos kilómetros de su hotel. La ciudad de Phuket cuenta con emocionantes parques de atracciones e incluso aventuras con elefantes. Si elige alojarse cerca de su hotel familiar en la playa de Karon, no le faltarán cosas que explorar. Podrá encontrar divertidos tesoros que llevarse a casa en sus mercados al aire libre, donde podrá interactuar con los lugareños y disfrutar de la deliciosa cocina local.</p>
<p><iframe loading="lazy" style="border: 0;" src="https://www.google.com/maps/embed?pb=!1m14!1m8!1m3!1d7904.843071769535!2d98.294417!3d7.850874!3m2!1i1024!2i768!4f13.1!3m3!1m2!1s0x0%3A0x247193a5a8a94f40!2sKaron%20Beach%20Hotel%20Phoenix!5e0!3m2!1sen!2sus!4v1625150525829!5m2!1sen!2sus" width="600" height="450" allowfullscreen="allowfullscreen"></iframe></p>
<p>Las oportunidades de crear recuerdos familiares duraderos son infinitas en la playa de Karon. Los beneficios de elegir la playa de Karon para su hotel familiar son muchos, ¡disfrute de su viaje!</p>
]]></content:encoded>
					
					<wfw:commentRss>./../../../phuket-hotel/ventajas-de-los-hoteles-de-la-playa-de-karon-para-las-familias/feed/index.html</wfw:commentRss>
			<slash:comments>0</slash:comments>
		
		
			</item>
	</channel>
</rss>
