<?xml version="1.0" encoding="UTF-8"?><rss version="2.0"
	xmlns:content="http://purl.org/rss/1.0/modules/content/"
	xmlns:wfw="http://wellformedweb.org/CommentAPI/"
	xmlns:dc="http://purl.org/dc/elements/1.1/"
	xmlns:atom="http://www.w3.org/2005/Atom"
	xmlns:sy="http://purl.org/rss/1.0/modules/syndication/"
	xmlns:slash="http://purl.org/rss/1.0/modules/slash/"
	>

<channel>
	<title>phuket &#8211; 0ty &#8211; Review Hotels &amp; Grocery from My Experience</title>
	<atom:link href="./index.html" rel="self" type="application/rss+xml" />
	<link>./../../../index.html</link>
	<description></description>
	<lastBuildDate>Thu, 01 Jul 2021 14:42:57 +0000</lastBuildDate>
	<language>en-US</language>
	<sy:updatePeriod>
	hourly	</sy:updatePeriod>
	<sy:updateFrequency>
	1	</sy:updateFrequency>
	<generator>https://wordpress.org/?v=5.7.2</generator>
	<item>
		<title>Ventajas de los hoteles de la playa de Karon para las familias</title>
		<link>./../../../phuket-hotel/ventajas-de-los-hoteles-de-la-playa-de-karon-para-las-familias/index.html</link>
					<comments>./../../../phuket-hotel/ventajas-de-los-hoteles-de-la-playa-de-karon-para-las-familias/index.html#respond</comments>
		
		<dc:creator><![CDATA[pbn21]]></dc:creator>
		<pubDate>Thu, 01 Jul 2021 14:42:57 +0000</pubDate>
				<category><![CDATA[Karon Beach]]></category>
		<category><![CDATA[Phuket Hotel]]></category>
		<category><![CDATA[hotel]]></category>
		<category><![CDATA[Karon]]></category>
		<category><![CDATA[Karon Beach Hotel]]></category>
		<category><![CDATA[Karon Hotel]]></category>
		<category><![CDATA[phuket]]></category>
		<guid isPermaLink="false">./../../../index.html?p=11</guid>

					<description><![CDATA[Cuando planee su escapada de verano, no busque más que la playa de Karon para sus necesidades de hotel familiar. Tailandia es un lugar fabuloso para llevar a su familia a relajarse y disfrutar del tiempo juntos, disfrutando del sol y la arena, así como de una rica experiencia cultural. Habrá algo para todos los &#8230; <a href="./../../../phuket-hotel/ventajas-de-los-hoteles-de-la-playa-de-karon-para-las-familias/index.html" class="more-link">Continue reading <span class="screen-reader-text">Ventajas de los hoteles de la playa de Karon para las familias</span></a>]]></description>
										<content:encoded><![CDATA[<p><iframe loading="lazy" title="YouTube video player" src="https://www.youtube.com/embed/zJtyc_3hLxc" width="560" height="315" frameborder="0" allowfullscreen="allowfullscreen"></iframe></p>
<p>Cuando planee su escapada de verano, no busque más que la playa de Karon para sus necesidades de hotel familiar. Tailandia es un lugar fabuloso para llevar a su familia a relajarse y disfrutar del tiempo juntos, disfrutando del sol y la arena, así como de una rica experiencia cultural. Habrá algo para todos los miembros de la familia, independientemente de si a los niños les gusta saltar en la piscina o chapotear en la playa.</p>
<p><img loading="lazy" class="" src="https://lh3.googleusercontent.com/p/AF1QipOZQ74I7PYCfiuPGrMB94XRoff-z_AGx3iosDND=s0" width="462" height="578" /></p>
<p>Viajar con niños puede ser una buena idea. Su bolsillo también puede tomarse unas vacaciones. Los hoteles familiares de la playa de Karon son muy asequibles y le harán sentir que ha pagado mucho más. Ahorrar en el alojamiento significa tener dinero para la aventura.</p>
<p><img src="https://brizy.b-cdn.net/media/iW=599&amp;iH=536&amp;oX=22&amp;oY=0&amp;cW=555&amp;cH=536/559d889a27ddd5488311ea4eb0fb6481.jpg" /></p>
<p>Hay muchos hoteles a pie de playa. El Woraburi Phuket Resort and spa está a sólo 0,1 millas de la playa y tiene una hermosa piscina. Tu habitación puede tener vistas a la piscina. Imagínese a sus hijos despertando y desayunando en el balcón con vistas al agua antes de un día de construcción de castillos de arena en una playa bañada por el sol. Cuando no esté en el hotel, disfrute de las visitas a la cercana Phuket. Si a su familia le gusta el parque acuático, está de suerte: el parque acuático Splash Jungle de Phuket le proporcionará todo el día de diversión a pocos kilómetros de su hotel. La ciudad de Phuket cuenta con emocionantes parques de atracciones e incluso aventuras con elefantes. Si elige alojarse cerca de su hotel familiar en la playa de Karon, no le faltarán cosas que explorar. Podrá encontrar divertidos tesoros que llevarse a casa en sus mercados al aire libre, donde podrá interactuar con los lugareños y disfrutar de la deliciosa cocina local.</p>
<p><iframe loading="lazy" style="border: 0;" src="https://www.google.com/maps/embed?pb=!1m14!1m8!1m3!1d7904.843071769535!2d98.294417!3d7.850874!3m2!1i1024!2i768!4f13.1!3m3!1m2!1s0x0%3A0x247193a5a8a94f40!2sKaron%20Beach%20Hotel%20Phoenix!5e0!3m2!1sen!2sus!4v1625150525829!5m2!1sen!2sus" width="600" height="450" allowfullscreen="allowfullscreen"></iframe></p>
<p>Las oportunidades de crear recuerdos familiares duraderos son infinitas en la playa de Karon. Los beneficios de elegir la playa de Karon para su hotel familiar son muchos, ¡disfrute de su viaje!</p>
]]></content:encoded>
					
					<wfw:commentRss>./../../../phuket-hotel/ventajas-de-los-hoteles-de-la-playa-de-karon-para-las-familias/feed/index.html</wfw:commentRss>
			<slash:comments>0</slash:comments>
		
		
			</item>
		<item>
		<title>My time at the Andatel Grande Patong Hotel</title>
		<link>./../../../patong-hotel/my-time-at-the-andatel-grande-patong-hotel/index.html</link>
					<comments>./../../../patong-hotel/my-time-at-the-andatel-grande-patong-hotel/index.html#respond</comments>
		
		<dc:creator><![CDATA[pbn21]]></dc:creator>
		<pubDate>Thu, 01 Jul 2021 14:39:49 +0000</pubDate>
				<category><![CDATA[Patong Hotel]]></category>
		<category><![CDATA[Phuket Hotel]]></category>
		<category><![CDATA[hotel]]></category>
		<category><![CDATA[patong]]></category>
		<category><![CDATA[patong beach]]></category>
		<category><![CDATA[patong phuket]]></category>
		<category><![CDATA[phuket]]></category>
		<guid isPermaLink="false">./../../../index.html?p=9</guid>

					<description><![CDATA[Si has pasado mucho tiempo en hoteles, sabes que pueden resultar aburridos, insípidos y repetitivos. Esa es mi experiencia casi siempre que viajo. No puedo esperar a salir del hotel y ver mi destino, pero recientemente hubo una gran excepción a esta regla. El Hotel Andatel Patong Phuket tiene una hospitalidad excepcional, un servicio asombroso &#8230; <a href="./../../../patong-hotel/my-time-at-the-andatel-grande-patong-hotel/index.html" class="more-link">Continue reading <span class="screen-reader-text">My time at the Andatel Grande Patong Hotel</span></a>]]></description>
										<content:encoded><![CDATA[<p><img src="https://lh3.googleusercontent.com/p/AF1QipO-sIfuClRr3rPYtBCjthFZ8C-rGRNuuDaXvsr6=s0" /></p>
<p>Si has pasado mucho tiempo en hoteles, sabes que pueden resultar aburridos, insípidos y repetitivos. Esa es mi experiencia casi siempre que viajo. No puedo esperar a salir del hotel y ver mi destino, pero recientemente hubo una gran excepción a esta regla. El <a href="https://www.andatelhotel.com/" target="_blank" rel="noopener">Hotel Andatel Patong Phuket</a> tiene una hospitalidad excepcional, un servicio asombroso y su desayuno es para morirse. Comencé mi estancia charlando con el gerente. Fue muy amable y me habló del paseo de diez minutos a la playa. Tras nuestra breve conversación, fui a mi habitación.</p>
<p><iframe loading="lazy" title="YouTube video player" src="https://www.youtube.com/embed/thmcE_WN0_o" width="560" height="315" frameborder="0" allowfullscreen="allowfullscreen"></iframe></p>
<p>Me alojé en una suite con una cama king size, y tan pronto como abrí la puerta me recibió la increíble decoración, y por supuesto, lo primero que hice fue saltar en la cama. Esperaba que fuera increíblemente cómoda, y créanme, no me decepcionó. Cuando me instalé en mi habitación, estaba empezando a oscurecer, y estaba bastante decepcionado de que no podría ir a nadar en el océano que mi habitación tenía una gran vista de, sin embargo, empecé a recordar la piscina que había oído hablar tanto. Me puse rápidamente el bañador y me dirigí a la piscina exterior. El agua era muy clara y fresca, algo que no puedo decir de todos los hoteles en los que me he alojado.</p>
<p><img src="https://lh3.googleusercontent.com/p/AF1QipOb9EfBX0gOALerpHATmFkHqotbiXH8eqlfw1Vn=s0" /></p>
<p>Pasé una hora y media en la piscina cuando volví a la habitación. La combinación de viaje y natación me dejó bastante cansado, y la cama súper cómoda facilitó mi dulce sueño. Al día siguiente me desperté sobre las 9 de la mañana y estaba emocionada por probar su desayuno. Todo hasta ese momento había sido perfecto, y esperaba lo mejor. Mis huevos estaban cocinados a la perfección, y el zumo sabía a fresco. El único problema que tuve con toda mi estancia fue la falta de cereales en la barra del desayuno, pero rápidamente pasé de ello. Pasé el resto del día fuera del hotel, y cuando volví me recibió la increíblemente cómoda cama tamaño king. Hay mucho que podría decir sobre mi estancia en Tailandia, pero si alguna vez te encuentras en Pa Tong, asegúrate de visitar el hotel Andatel Grande Patong, no te decepcionará. Confíe en mí.</p>
<p><iframe loading="lazy" style="border: 0;" src="https://www.google.com/maps/embed?pb=!1m14!1m8!1m3!1d7903.873137457168!2d98.30069200000001!3d7.901695999999999!3m2!1i1024!2i768!4f13.1!3m3!1m2!1s0x0%3A0x67c9ae39902d072!2sAndatel%20Grande%20Patong%20Phuket%20Hotel!5e0!3m2!1sen!2sus!4v1625150340622!5m2!1sen!2sus" width="600" height="450" allowfullscreen="allowfullscreen"></iframe></p>
]]></content:encoded>
					
					<wfw:commentRss>./../../../patong-hotel/my-time-at-the-andatel-grande-patong-hotel/feed/index.html</wfw:commentRss>
			<slash:comments>0</slash:comments>
		
		
			</item>
	</channel>
</rss>
