<?xml version="1.0" encoding="UTF-8"?><rss version="2.0"
	xmlns:content="http://purl.org/rss/1.0/modules/content/"
	xmlns:wfw="http://wellformedweb.org/CommentAPI/"
	xmlns:dc="http://purl.org/dc/elements/1.1/"
	xmlns:atom="http://www.w3.org/2005/Atom"
	xmlns:sy="http://purl.org/rss/1.0/modules/syndication/"
	xmlns:slash="http://purl.org/rss/1.0/modules/slash/"
	>

<channel>
	<title>stevia &#8211; 0ty &#8211; Review Hotels &amp; Grocery from My Experience</title>
	<atom:link href="./index.html" rel="self" type="application/rss+xml" />
	<link>./../../../index.html</link>
	<description></description>
	<lastBuildDate>Thu, 01 Jul 2021 14:35:32 +0000</lastBuildDate>
	<language>en-US</language>
	<sy:updatePeriod>
	hourly	</sy:updatePeriod>
	<sy:updateFrequency>
	1	</sy:updateFrequency>
	<generator>https://wordpress.org/?v=5.7.2</generator>
	<item>
		<title>Secretos del polvo de té verde Matcha</title>
		<link>./../../../matcha/secretos-del-polvo-de-te-verde-matcha/index.html</link>
					<comments>./../../../matcha/secretos-del-polvo-de-te-verde-matcha/index.html#respond</comments>
		
		<dc:creator><![CDATA[pbn21]]></dc:creator>
		<pubDate>Thu, 01 Jul 2021 14:26:35 +0000</pubDate>
				<category><![CDATA[Matcha]]></category>
		<category><![CDATA[Stevia]]></category>
		<category><![CDATA[amazon]]></category>
		<category><![CDATA[grocery]]></category>
		<category><![CDATA[matcha]]></category>
		<category><![CDATA[online]]></category>
		<category><![CDATA[organic]]></category>
		<category><![CDATA[review]]></category>
		<category><![CDATA[shopping]]></category>
		<category><![CDATA[stevia]]></category>
		<guid isPermaLink="false">./../../../index.html?p=7</guid>

					<description><![CDATA[Factores a tener en cuenta cuando se quiere comprar matcha escrito por: valonn8 Hay diferentes tipos de té verde accesibles en el mercado. En cualquier caso, si usted está buscando un té verde que ofrece múltiples beneficios para la salud, usted debe considerar la compra de matcha. Hay muchos distribuidores al por mayor accesibles a &#8230; <a href="./../../../matcha/secretos-del-polvo-de-te-verde-matcha/index.html" class="more-link">Continue reading <span class="screen-reader-text">Secretos del polvo de té verde Matcha</span></a>]]></description>
										<content:encoded><![CDATA[<p>Factores a tener en cuenta cuando se quiere comprar <a href="https://www.google.com/maps/place/Enzo+Matcha+Green+Tea/@37.0777416,-146.8002633,3z/data=!3m1!4b1!4m5!3m4!1s0x89e379668f34da8d:0x47ef070e8cb35d96!8m2!3d43.004961!4d-111.0318871">matcha</a> escrito por: valonn8 Hay diferentes tipos de té verde accesibles en el mercado. En cualquier caso, si usted está buscando un té verde que ofrece múltiples beneficios para la salud, usted debe considerar la compra de matcha. Hay muchos distribuidores al por mayor accesibles a través de los cuales usted puede comprar matcha y las tasas de mala calidad.</p>
<p><img src="https://lh3.googleusercontent.com/p/AF1QipODMT3xG9NJcN-OvXcuZYhzd19oV90AYh-Oj2Jl=s0" /></p>
<p>Los distribuidores mayoristas ofrecen una amplia variedad de té verde Matcha según la calidad. Cuando usted hace un pedido, su té en polvo será transportado específicamente desde Japón. Japón es el origen del <a href="https://urenzo.com/store/category/matcha" target="_blank" rel="noopener">té verde Matcha</a>. Todo, desde el desarrollo hasta el procesamiento y el envasado, se realiza en Japón.</p>
<p>La calidad del té verde Matcha puede estar influenciada por diferentes componentes como la zona de los arbustos de té, el desarrollo y el procesamiento. La calidad puede variar de una cosecha a otra. En Japón, se sabe que el té Matcha procedente de Kioto y Aichi no es de la mejor calidad. En cualquier caso, esto no implica que el té Matcha de otros lugares de Japón sea de calidad inferior.</p>
<p><iframe loading="lazy" title="YouTube video player" src="https://www.youtube.com/embed/JtHtzNgX_-E" width="560" height="316" frameborder="0" allowfullscreen="allowfullscreen"></iframe></p>
<p>Hay muchas marcas que venden té verde Matcha. Si no has probado el té recientemente, no deberías comprar el té verde Matcha de primera calidad. En su lugar, deberías probar el té de diferentes marcas. Al principio, lo más probable es que no pueda aprovechar al máximo su olor y su sabor único. En cualquier caso, después de probar un par de marcas, tendrás la capacidad de encontrar el té Matcha más adecuado y delicioso para ti.</p>
<p>Para ser más saludables, muchas personas reducen el consumo de azúcar en exceso y lo sustituyen por edulcorantes naturales, uno de los cuales es la <a href="https://www.amazon.com/Toffee-Caramel-Stevia-x1F36E-Bottle/dp/B07FJV7G5X" target="_blank" rel="noopener">Stevia</a>. ¿Qué es la Stevia? En general, la Stevia es una planta que tiene un sabor dulce y que desde el siglo XVI se utiliza como edulcorante de bebidas. Las plantas de Stevia tienen un sabor dulce que es 200-300 veces mayor que el del azúcar. Para ser un edulcorante, la Stevia se extrae en glucósidos de esteviol. Se cree que la Stevia es un edulcorante natural a base de plantas que es más saludable que el azúcar de caña. Se cree que los productos orgánicos de Stevia, que no contienen azúcares perjudiciales, reducen el peso, superan la obesidad y mejoran la salud digestiva. Uno de los productores de Stevia es Enzo.</p>
<p><img src="https://images-na.ssl-images-amazon.com/images/I/81bnqGjWr2L.jpg" /></p>
<p>El producto de Stevia en polvo de Enzo es una Stevia orgánica de buena calidad. Actualmente Enzo ha lanzado un nuevo <a href="https://www.amazon.com/CYBER-MONDAY-SPECIAL-Alternative-Artificial/dp/B0737DR48C" target="_blank" rel="noopener">Polvo de Stevia</a> Enzo, porque el Polvo de Stevia original tiende a ser más dulce y tiene un sabor amargo. El nuevo Polvo de Stevia es más fácil de medir para dar a la bebida un sabor dulce. La comparación del dulzor es que el nuevo polvo de Stevia es sólo 120 veces más dulce que el azúcar, mientras que la Stevia original es 320 veces más dulce que el azúcar.</p>
<p>El sabor dulce del extracto de Stevia es más flexible para dar dulzor a los alimentos y bebidas. Además, se cree que la Stevia protege la salud de los huesos, la piel y tiene una influencia positiva en la función cerebral. El extracto de Stevia tampoco contiene sustancias adictivas, es cien por cien natural y no contiene conservantes artificiales como el acesulfamo, el aspartamo o la sucralosa.</p>
<p><img src="https://images-na.ssl-images-amazon.com/images/I/81pXsZsPEeL.jpg" /></p>
<p>El esteviósido, que es uno de los compuestos químicos que se encuentran en el extracto de Stevia, puede copiar la función de la insulina, una hormona que regula los niveles de azúcar en la sangre. También puede reducir la presión arterial y mantener bajos los niveles de azúcar en sangre, especialmente en personas que padecen diabetes mellitus.</p>
<p>Además de la forma de cápsulas, Enzo también ofrece una forma líquida que permite administrar el dulzor de forma precisa y más fácil. El líquido de <a href="https://g.page/enzostevia">Stevia</a> tiene dos opciones, la Stevia pura y el sabor Caramel Toffee.</p>
<p><iframe loading="lazy" style="border: 0;" src="https://www.google.com/maps/embed?pb=!1m14!1m8!1m3!1d45835429.670421146!2d-123.48622425000002!3d45.47841272387768!3m2!1i1024!2i768!4f13.1!3m3!1m2!1s0x0%3A0xf0b0ea20e3d97688!2sEnzo%20Organic%20Stevia!5e0!3m2!1sen!2sus!4v1625149538037!5m2!1sen!2sus" width="600" height="450" allowfullscreen="allowfullscreen"></iframe></p>
]]></content:encoded>
					
					<wfw:commentRss>./../../../matcha/secretos-del-polvo-de-te-verde-matcha/feed/index.html</wfw:commentRss>
			<slash:comments>0</slash:comments>
		
		
			</item>
	</channel>
</rss>
