<?xml version="1.0" encoding="UTF-8"?><rss version="2.0"
	xmlns:content="http://purl.org/rss/1.0/modules/content/"
	xmlns:wfw="http://wellformedweb.org/CommentAPI/"
	xmlns:dc="http://purl.org/dc/elements/1.1/"
	xmlns:atom="http://www.w3.org/2005/Atom"
	xmlns:sy="http://purl.org/rss/1.0/modules/syndication/"
	xmlns:slash="http://purl.org/rss/1.0/modules/slash/"
	>

<channel>
	<title>Bangkok Hotel &#8211; 0ty &#8211; Review Hotels &amp; Grocery from My Experience</title>
	<atom:link href="./index.html" rel="self" type="application/rss+xml" />
	<link>./../../../index.html</link>
	<description></description>
	<lastBuildDate>Thu, 01 Jul 2021 14:59:16 +0000</lastBuildDate>
	<language>en-US</language>
	<sy:updatePeriod>
	hourly	</sy:updatePeriod>
	<sy:updateFrequency>
	1	</sy:updateFrequency>
	<generator>https://wordpress.org/?v=5.7.2</generator>
	<item>
		<title>Vacaciones en Bangkok</title>
		<link>./../../../bangkok-hotel/vacaciones-en-bangkok/index.html</link>
					<comments>./../../../bangkok-hotel/vacaciones-en-bangkok/index.html#respond</comments>
		
		<dc:creator><![CDATA[pbn21]]></dc:creator>
		<pubDate>Thu, 01 Jul 2021 14:59:16 +0000</pubDate>
				<category><![CDATA[Bangkok Hotel]]></category>
		<category><![CDATA[Bangkok]]></category>
		<category><![CDATA[hotel]]></category>
		<category><![CDATA[Nana Bangkok]]></category>
		<category><![CDATA[Nana Hotel]]></category>
		<category><![CDATA[Nana Plaza]]></category>
		<guid isPermaLink="false">./../../../index.html?p=13</guid>

					<description><![CDATA[Mis amigos y yo hemos pasado una semana de vacaciones en Bangkok y nos hemos alojado en el Hotel Royal Ivory durante toda esa semana. Tuvimos la suerte de conocer este Bangkok Nana hotel por internet antes de venir a Bangkok. Alojarse allí ha sido una experiencia muy divertida para toda nuestra familia. Las instalaciones &#8230; <a href="./../../../bangkok-hotel/vacaciones-en-bangkok/index.html" class="more-link">Continue reading <span class="screen-reader-text">Vacaciones en Bangkok</span></a>]]></description>
										<content:encoded><![CDATA[<p><img loading="lazy" class="" src="https://lh3.googleusercontent.com/p/AF1QipMP5trBtyxmNko616HdRXJOziHSMKEoXOUo-1nn=s0" width="642" height="428" /></p>
<p>Mis amigos y yo hemos pasado una semana de vacaciones en Bangkok y nos hemos alojado en el <a href="https://g.page/sukhumvit-hotel" target="_blank" rel="noopener">Hotel Royal Ivory</a> durante toda esa semana. Tuvimos la suerte de conocer este <a href="https://www.royalivory.com/" target="_blank" rel="noopener">Bangkok Nana hotel</a> por internet antes de venir a Bangkok. Alojarse allí ha sido una experiencia muy divertida para toda nuestra familia. Las instalaciones y los servicios estaban muy limpios y eran de alta calidad, el personal era muy amable y servicial y la comida era realmente buena. Disfrutamos especialmente nadando en su piscina, porque también nos dio una vista de la ciudad de Bangkok. El agua también era limpia y refrescante. Era muy obvio que la piscina estaba bien mantenida. Nuestra habitación también era muy bonita y espaciosa. Las camas eran muy suaves y estaban muy bien hechas. Pero lo mejor de todo esto es que es muy barato.</p>
<p><iframe loading="lazy" title="YouTube video player" src="https://www.youtube.com/embed/duZKPe6O9Cg" width="560" height="315" frameborder="0" allowfullscreen="allowfullscreen"></iframe></p>
<p>Otra cosa buena de este hotel es su ubicación. Está situado cerca del centro de Bangkok, lo que nos facilitó mucho los desplazamientos y la visita a los diferentes puntos turísticos. Después de explorar la ciudad durante todo el día, fuimos al Nana Plaza para relajarnos y disfrutar. Nos sorprendió ver un montón de bares en un solo edificio y nos dificultó la elección de dónde ir, pero aun así disfrutamos mucho de la velada. En Bangkok hay un montón de <a href="https://web.hungryhub.com/?locale=en">restaurantes de buffet</a> establecidos y ofertas.</p>
<p><img src="https://lh3.googleusercontent.com/p/AF1QipNAHLjeSMszA9HNvXWg64bv9tFTIGDArNKR8fE2=s0" /><a href="https://detsad38.info/">vacaciones</a></p>
<p>Nos sorprendió mucho lo vivo que estaba todo el establecimiento, incluso a altas horas de la noche. También se puede hacer a medida en <a href="http://www.stmarco15.com/" target="_blank" rel="noopener">St Marco Tailor Bangkok</a>. Tengo que decir que Bangkok tiene una vida nocturna muy divertida y agradable. Es bastante similar a nuestra experiencia anterior en Las Vegas, pero a menor escala y con muchos toques asiáticos. Por supuesto, mis amigos y yo queríamos ver a los famosos lady boys de Tailandia y nos encontramos con unos cuantos mezclados con las bailarinas go-go habituales.</p>
<p><iframe loading="lazy" style="border: 0;" src="https://www.google.com/maps/embed?pb=!1m14!1m8!1m3!1d7751.388825147965!2d100.553351!3d13.736942!3m2!1i1024!2i768!4f13.1!3m3!1m2!1s0x0%3A0x85e42c4687113079!2sRoyal%20Ivory%20Nana%20Hotel%20Bangkok!5e0!3m2!1sen!2sus!4v1625151381684!5m2!1sen!2sus" width="600" height="450" allowfullscreen="allowfullscreen"></iframe></p>
]]></content:encoded>
					
					<wfw:commentRss>./../../../bangkok-hotel/vacaciones-en-bangkok/feed/index.html</wfw:commentRss>
			<slash:comments>0</slash:comments>
		
		
			</item>
	</channel>
</rss>
